{
  "hash": "95cdd7a3",
  "configHash": "6f151f6f",
  "lockfileHash": "b84c9906",
  "browserHash": "9159928b",
  "optimized": {
    "@angular/common/http": {
      "src": "../../../../../../node_modules/@angular/common/fesm2022/http.mjs",
      "file": "@angular_common_http.js",
      "fileHash": "e7e864bd",
      "needsInterop": false
    },
    "@angular/core": {
      "src": "../../../../../../node_modules/@angular/core/fesm2022/core.mjs",
      "file": "@angular_core.js",
      "fileHash": "59a9c412",
      "needsInterop": false
    },
    "@angular/platform-browser": {
      "src": "../../../../../../node_modules/@angular/platform-browser/fesm2022/platform-browser.mjs",
      "file": "@angular_platform-browser.js",
      "fileHash": "55ea9a78",
      "needsInterop": false
    },
    "@angular/router": {
      "src": "../../../../../../node_modules/@angular/router/fesm2022/router.mjs",
      "file": "@angular_router.js",
      "fileHash": "63e67b5a",
      "needsInterop": false
    },
    "flowbite": {
      "src": "../../../../../../node_modules/flowbite/lib/esm/index.js",
      "file": "flowbite.js",
      "fileHash": "3091f831",
      "needsInterop": false
    },
    "rxjs": {
      "src": "../../../../../../node_modules/rxjs/dist/esm5/index.js",
      "file": "rxjs.js",
      "fileHash": "fdfc5364",
      "needsInterop": false
    }
  },
  "chunks": {
    "chunk-X7XVBEBW": {
      "file": "chunk-X7XVBEBW.js"
    },
    "chunk-7DOPMQJH": {
      "file": "chunk-7DOPMQJH.js"
    },
    "chunk-57XOOGN6": {
      "file": "chunk-57XOOGN6.js"
    },
    "chunk-GM2YTKEO": {
      "file": "chunk-GM2YTKEO.js"
    },
    "chunk-WDMUDEB6": {
      "file": "chunk-WDMUDEB6.js"
    }
  }
}